City_ID,City,Lat,Lng,Max Temp,Humidity,Cloudiness,Wind Speed,Country,Date
0,Bambous Virieux,-20.3428,57.7575,74.21,94,40,4.61,MU,2021-10-11 21:42:06
1,Rikitea,-23.1203,-134.9692,74.23,77,90,13.24,PF,2021-10-11 21:40:57
2,Hornepayne,49.2138,-84.7705,59.49,78,98,9.86,CA,2021-10-11 21:42:07
3,Rocha,-34.4833,-54.3333,59.67,97,100,12.28,UY,2021-10-11 21:42:07
4,Mataura,-46.1927,168.8643,42.82,87,99,8.79,NZ,2021-10-11 21:42:07
5,Qaanaaq,77.484,-69.3632,30.54,97,100,8.3,GL,2021-10-11 21:41:00
6,Maragogi,-9.0122,-35.2225,76.62,82,5,10.0,BR,2021-10-11 21:42:08
7,Bredasdorp,-34.5322,20.0403,58.3,84,100,3.24,ZA,2021-10-11 21:41:47
8,Ngunguru,-35.6167,174.5,56.16,88,100,13.42,NZ,2021-10-11 21:41:38
9,Thompson,55.7435,-97.8558,48.36,87,90,3.44,CA,2021-10-11 21:42:09
10,Vao,-22.6667,167.4833,71.42,71,98,14.5,NC,2021-10-11 21:42:09
11,Ponta Do Sol,32.6667,-17.1,72.23,66,72,5.28,PT,2021-10-11 21:41:54
12,Busselton,-33.65,115.3333,44.1,60,92,15.14,AU,2021-10-11 21:42:09
13,Ushuaia,-54.8,-68.3,51.46,46,40,17.27,AR,2021-10-11 21:42:10
14,Cape Town,-33.9258,18.4232,64.27,85,0,1.01,ZA,2021-10-11 21:39:09
15,Upernavik,72.7868,-56.1549,33.76,98,100,15.64,GL,2021-10-11 21:42:10
16,Ribeira Grande,38.5167,-28.7,70.68,77,100,7.87,PT,2021-10-11 21:42:11
17,Pacific Grove,36.6177,-121.9166,72.59,65,1,8.99,US,2021-10-11 21:42:11
18,Makakilo City,21.3469,-158.0858,84.52,54,20,11.5,US,2021-10-11 21:42:11
19,Juarez,31.7333,-106.4833,84.25,21,20,8.99,MX,2021-10-11 21:40:16
20,Hermanus,-34.4187,19.2345,60.91,80,100,2.08,ZA,2021-10-11 21:40:57
21,East London,-33.0153,27.9116,69.42,55,63,4.43,ZA,2021-10-11 21:42:12
22,Lincoln,40.8,-96.667,77.38,33,1,1.01,US,2021-10-11 21:41:06
23,Safaga,26.7292,33.9365,84.51,43,6,9.64,EG,2021-10-11 21:42:12
24,Jamestown,42.097,-79.2353,74.79,68,1,5.99,US,2021-10-11 21:38:39
25,Khatanga,71.9667,102.5,16.95,96,100,6.93,RU,2021-10-11 21:42:13
26,Kaitangata,-46.2817,169.8464,44.04,81,98,16.67,NZ,2021-10-11 21:42:13
27,Maumere,-8.6199,122.2111,79.27,76,70,7.54,ID,2021-10-11 21:42:14
28,Nuuk,64.1835,-51.7216,38.01,70,20,10.36,GL,2021-10-11 21:42:14
29,Candido Mendes,-1.4467,-45.7167,78.98,77,53,6.73,BR,2021-10-11 21:42:14
30,Bluff,-46.6,168.3333,45.84,61,97,19.42,NZ,2021-10-11 21:42:15
31,Dhidhdhoo,6.8833,73.1,82.6,78,100,20.29,MV,2021-10-11 21:42:15
32,Longyearbyen,78.2186,15.6401,28.24,74,20,19.57,SJ,2021-10-11 21:42:15
33,Cabo San Lucas,22.8909,-109.9124,94.51,63,20,6.91,MX,2021-10-11 21:42:16
34,Vardo,70.3705,31.1107,43.0,96,100,6.55,NO,2021-10-11 21:42:16
35,Karratha,-20.7377,116.8463,71.67,44,0,5.91,AU,2021-10-11 21:41:36
36,Sitka,57.0531,-135.33,48.09,71,90,16.11,US,2021-10-11 21:42:17
37,Puerto Ayora,-0.7393,-90.3518,76.96,81,95,8.99,EC,2021-10-11 21:42:17
38,Pisco,-13.7,-76.2167,64.45,77,40,10.36,PE,2021-10-11 21:41:58
39,Strezhevoy,60.7333,77.5889,30.18,73,65,4.68,RU,2021-10-11 21:42:17
40,Atuona,-9.8,-139.0333,78.28,71,17,19.19,PF,2021-10-11 21:42:18
41,Moctezuma,29.8,-109.6667,83.3,25,0,23.73,MX,2021-10-11 21:42:18
42,Avarua,-21.2078,-159.775,78.85,83,75,12.66,CK,2021-10-11 21:42:18
43,San Isidro,-12.1167,-77.05,62.26,84,90,1.01,PE,2021-10-11 21:42:19
44,Airai,-8.9266,125.4092,61.93,79,81,2.28,TL,2021-10-11 21:42:19
45,Coahuayana,18.7333,-103.6833,86.81,70,63,5.88,MX,2021-10-11 21:42:20
46,Bethel,41.3712,-73.414,70.0,80,59,4.21,US,2021-10-11 21:42:20
47,Waverley,-25.7023,28.2591,62.4,49,2,4.61,ZA,2021-10-11 21:42:20
48,Shimoda,34.6667,138.95,71.1,87,57,7.11,JP,2021-10-11 21:42:21
49,Sorsk,54.0033,90.2467,28.44,95,100,3.36,RU,2021-10-11 21:42:21
50,Tawau,4.2498,117.8871,78.93,94,100,1.01,MY,2021-10-11 21:42:21
51,Tuktoyaktuk,69.4541,-133.0374,30.2,86,90,3.44,CA,2021-10-11 21:42:22
52,Albany,42.6001,-73.9662,70.21,77,25,1.77,US,2021-10-11 21:39:54
53,Yulara,-25.2406,130.9889,49.84,93,0,5.75,AU,2021-10-11 21:42:22
54,Nioro,13.35,-15.75,78.87,87,90,0.58,GM,2021-10-11 21:42:22
55,Chernyshevskiy,63.0128,112.4714,20.88,73,92,13.96,RU,2021-10-11 21:42:23
56,Botngard,63.7653,9.8111,48.78,93,75,10.36,NO,2021-10-11 21:42:23
57,Pemangkat,1.1667,108.9667,78.4,86,83,6.78,ID,2021-10-11 21:42:24
58,Vaini,-21.2,-175.2,75.36,78,20,11.5,TO,2021-10-11 21:41:03
59,Hay River,60.8156,-115.7999,39.18,70,75,3.44,CA,2021-10-11 21:41:08
60,Kapaa,22.0752,-159.319,82.38,72,20,7.0,US,2021-10-11 21:42:24
61,Ouargaye,11.5033,0.0572,83.86,57,98,7.65,BF,2021-10-11 21:42:24
62,Flinders,-34.5833,150.8552,58.21,86,100,4.0,AU,2021-10-11 21:42:25
63,Rio Gallegos,-51.6226,-69.2181,60.85,23,75,11.5,AR,2021-10-11 21:42:25
64,Nikolskoye,59.7035,30.7861,42.87,71,55,8.68,RU,2021-10-11 21:42:25
65,Barrow,71.2906,-156.7887,28.42,69,90,10.36,US,2021-10-11 21:41:17
66,Souillac,-20.5167,57.5167,74.35,94,40,4.61,MU,2021-10-11 21:42:26
67,Chokurdakh,70.6333,147.9167,17.11,89,100,5.26,RU,2021-10-11 21:42:26
68,Tecoanapa,16.5167,-98.75,85.53,72,8,10.18,MX,2021-10-11 21:42:27
69,New Norfolk,-42.7826,147.0587,48.76,69,85,1.01,AU,2021-10-11 21:42:27
70,Pouebo,-20.4,164.5667,76.71,68,78,8.59,NC,2021-10-11 21:42:27
71,Iskateley,67.6803,53.1512,32.59,92,100,14.27,RU,2021-10-11 21:42:28
72,Anadyr,64.75,177.4833,18.1,92,20,1.99,RU,2021-10-11 21:42:28
73,Srednekolymsk,67.45,153.6833,12.81,88,100,4.27,RU,2021-10-11 21:42:29
74,Waingapu,-9.6567,120.2641,75.96,70,95,2.15,ID,2021-10-11 21:42:29
75,Dangriga,16.9692,-88.2321,89.56,71,88,9.1,BZ,2021-10-11 21:42:29
76,Lakhimpur,27.95,80.7667,74.19,66,17,2.86,IN,2021-10-11 21:42:30
77,Caravelas,-17.7125,-39.2481,70.74,92,100,12.93,BR,2021-10-11 21:42:30
78,Tiksi,71.6872,128.8694,26.91,99,100,3.13,RU,2021-10-11 21:42:30
79,Hasaki,35.7333,140.8333,70.29,89,100,19.01,JP,2021-10-11 21:42:31
80,Butaritari,3.0707,172.7902,81.05,73,80,10.45,KI,2021-10-11 21:42:31
81,Punta Arenas,-53.15,-70.9167,53.71,50,40,26.46,CL,2021-10-11 21:38:58
82,Vestmannaeyjar,63.4427,-20.2734,45.68,77,92,18.14,IS,2021-10-11 21:41:48
83,Provideniya,64.3833,-173.3,32.11,80,75,6.71,RU,2021-10-11 21:42:31
84,Namatanai,-3.6667,152.4333,82.4,74,30,6.62,PG,2021-10-11 21:42:32
85,Castro,-24.7911,-50.0119,57.25,97,100,6.73,BR,2021-10-11 21:41:13
86,Awjilah,29.1081,21.2869,77.81,27,0,5.82,LY,2021-10-11 21:42:32
87,Tabou,4.423,-7.3528,77.63,88,94,6.08,CI,2021-10-11 21:42:33
88,Arraial Do Cabo,-22.9661,-42.0278,67.96,88,75,11.5,BR,2021-10-11 21:42:33
89,Hithadhoo,-0.6,73.0833,82.35,73,100,16.49,MV,2021-10-11 21:42:34
90,Eureka,40.8021,-124.1637,62.67,67,1,8.99,US,2021-10-11 21:40:20
91,Paita,-5.0892,-81.1144,72.16,83,26,17.87,PE,2021-10-11 21:42:34
92,Iqaluit,63.7506,-68.5145,35.33,87,40,4.0,CA,2021-10-11 21:42:34
93,Tasiilaq,65.6145,-37.6368,35.76,69,48,5.93,GL,2021-10-11 21:41:36
94,Khorixas,-20.3667,14.9667,77.14,14,0,2.71,NA,2021-10-11 21:42:35
95,Lake Wales,27.9014,-81.5859,87.82,62,90,9.22,US,2021-10-11 21:42:35
96,Guerrero Negro,27.9769,-114.0611,73.94,60,0,15.64,MX,2021-10-11 21:42:36
97,Marand,38.4329,45.7749,52.14,48,0,2.59,IR,2021-10-11 21:42:36
98,Ostrovnoy,68.0531,39.5131,47.75,87,100,22.64,RU,2021-10-11 21:41:32
99,Buin,-33.7333,-70.75,79.12,37,0,8.5,CL,2021-10-11 21:42:36
100,Oranjestad,12.524,-70.027,85.95,74,40,12.66,AW,2021-10-11 21:42:37
101,Ardea,41.6123,12.5143,55.67,71,0,5.01,IT,2021-10-11 21:42:37
102,Georgetown,5.4112,100.3354,78.75,88,20,0.0,MY,2021-10-11 21:42:37
103,Hobart,-42.8794,147.3294,49.12,78,40,1.01,AU,2021-10-11 21:42:37
104,Scituate,42.1959,-70.7259,68.25,90,75,3.0,US,2021-10-11 21:42:38
105,Champerico,14.3,-91.9167,90.14,76,13,8.1,GT,2021-10-11 21:42:38
106,Bjornevatn,69.6672,29.9847,43.14,100,90,0.0,NO,2021-10-11 21:42:38
107,Grindavik,63.8424,-22.4338,43.27,87,75,8.05,IS,2021-10-11 21:42:39
108,Gunjur,13.2019,-16.7339,82.47,83,20,5.75,GM,2021-10-11 21:42:39
109,Beringovskiy,63.05,179.3167,24.17,89,84,1.45,RU,2021-10-11 21:42:39
110,Namibe,-15.1961,12.1522,68.49,94,35,2.39,AO,2021-10-11 21:42:40
111,Soyo,-6.1349,12.3689,75.81,84,74,5.48,AO,2021-10-11 21:42:40
112,Narsaq,60.9167,-46.05,34.02,54,100,4.54,GL,2021-10-11 21:42:40
113,Atasu,48.6814,71.6433,28.04,80,5,8.37,KZ,2021-10-11 21:42:41
114,Port Macquarie,-31.4333,152.9167,58.89,100,90,5.75,AU,2021-10-11 21:42:41
115,Sarangani,5.4033,125.4636,83.23,77,96,10.8,PH,2021-10-11 21:42:41
116,General Pico,-35.6566,-63.7568,70.43,48,0,6.51,AR,2021-10-11 21:41:12
117,Hofn,64.2539,-15.2082,39.78,70,92,9.04,IS,2021-10-11 21:42:26
118,Torbay,47.6666,-52.7314,52.29,92,90,4.61,CA,2021-10-11 21:42:42
119,Mantua,45.1667,10.7833,56.44,81,82,1.01,IT,2021-10-11 21:42:42
120,Evensk,61.95,159.2333,26.37,71,8,8.14,RU,2021-10-11 21:42:43
121,Bengkulu,-3.8004,102.2655,75.02,87,91,3.71,ID,2021-10-11 21:42:43
122,Matay,28.419,30.7792,77.88,42,56,10.98,EG,2021-10-11 21:42:43
123,Ancud,-41.8697,-73.8203,60.33,80,100,6.64,CL,2021-10-11 21:42:44
124,Dargaville,-35.9333,173.8833,54.43,85,100,13.6,NZ,2021-10-11 21:42:44
125,Komsomolskiy,40.4272,71.7189,44.02,45,0,1.81,UZ,2021-10-11 21:42:44
126,Shyroke,47.6917,33.2571,47.44,66,100,4.07,UA,2021-10-11 21:42:45
127,Kodiak,57.79,-152.4072,44.11,76,90,17.27,US,2021-10-11 21:42:06
128,Tamandare,-8.7597,-35.1047,76.78,82,23,9.55,BR,2021-10-11 21:42:45
129,Havre-Saint-Pierre,50.2334,-63.5986,59.59,87,1,8.05,CA,2021-10-11 21:42:45
130,Geraldton,-28.7667,114.6,55.81,62,90,12.66,AU,2021-10-11 21:42:46
131,Bac Lieu,9.285,105.7244,77.5,89,100,10.36,VN,2021-10-11 21:42:46
132,Mackay,-21.15,149.2,80.69,78,25,8.05,AU,2021-10-11 21:42:46
133,Lompoc,34.6391,-120.4579,75.56,60,1,20.71,US,2021-10-11 21:42:47
134,Jalu,29.0331,21.5482,76.96,27,0,5.3,LY,2021-10-11 21:42:47
135,Gamba,-2.65,10.0,76.66,87,99,5.19,GA,2021-10-11 21:42:47
136,Berlevag,70.8578,29.0864,44.55,93,75,13.8,NO,2021-10-11 21:42:45
137,Khakhea,-24.6895,23.494,67.91,36,0,14.25,BW,2021-10-11 21:42:48
138,Marsh Harbour,26.5412,-77.0636,82.33,66,100,7.23,BS,2021-10-11 21:42:48
139,Dunedin,-45.8742,170.5036,44.8,72,100,15.01,NZ,2021-10-11 21:42:49
140,Grand Forks,47.9417,-97.4337,64.33,45,1,13.8,US,2021-10-11 21:42:33
141,Payakumbuh,-0.2202,100.6308,67.46,87,77,3.56,ID,2021-10-11 21:42:49
142,Carnarvon,-24.8667,113.6333,60.87,63,75,21.85,AU,2021-10-11 21:42:49
143,Salinopolis,-0.6136,-47.3561,81.46,72,8,15.61,BR,2021-10-11 21:42:50
144,Henties Bay,-22.116,14.2845,61.97,72,0,9.48,NA,2021-10-11 21:42:50
145,Hindoria,23.9,79.5667,72.27,58,1,2.39,IN,2021-10-11 21:42:50
146,Giyani,-23.3025,30.7187,64.22,42,0,1.66,ZA,2021-10-11 21:42:51
147,Klaksvik,62.2266,-6.589,40.12,70,100,9.15,FO,2021-10-11 21:41:27
148,Kharan,28.5833,65.4167,60.6,13,0,9.22,PK,2021-10-11 21:42:04
149,Yellowknife,62.456,-114.3525,35.42,83,75,1.01,CA,2021-10-11 21:40:50
150,Maholi,27.6667,80.4667,74.75,61,12,2.37,IN,2021-10-11 21:42:51
151,Uyovu,-3.2833,31.5258,73.4,57,76,1.61,TZ,2021-10-11 21:42:52
152,Port Elizabeth,-33.918,25.5701,59.29,72,40,5.75,ZA,2021-10-11 21:41:54
153,Mazyr,52.0495,29.2456,43.65,67,100,5.57,BY,2021-10-11 21:40:22
154,Comodoro Rivadavia,-45.8667,-67.5,71.46,21,0,19.57,AR,2021-10-11 21:40:28
155,Noumea,-22.2763,166.4572,78.78,99,75,1.92,NC,2021-10-11 21:42:52
156,Springbok,-29.6643,17.8865,68.14,15,49,3.06,ZA,2021-10-11 21:42:52
157,Katsuura,35.1333,140.3,73.18,91,53,14.83,JP,2021-10-11 21:42:53
158,Puerto Escondido,15.85,-97.0667,85.48,76,31,10.74,MX,2021-10-11 21:42:53
159,Andenes,69.3143,16.1194,44.58,76,75,19.57,NO,2021-10-11 21:42:54
160,Port Lincoln,-34.7333,135.8667,55.99,50,100,18.03,AU,2021-10-11 21:42:55
161,Hamilton,39.1834,-84.5333,81.79,63,1,1.99,US,2021-10-11 21:42:55
162,Kotovo,50.3211,44.8012,44.2,52,77,5.88,RU,2021-10-11 21:42:55
163,Bengbu,32.9408,117.3608,54.12,74,21,7.83,CN,2021-10-11 21:42:56
164,Sao Joao Da Barra,-21.6403,-41.0511,68.09,85,100,15.7,BR,2021-10-11 21:42:56
165,Pozo Colorado,-23.4923,-58.7972,80.58,54,99,3.58,PY,2021-10-11 21:42:56
166,Nantucket,41.2835,-70.0995,66.34,82,40,12.66,US,2021-10-11 21:40:41
167,Chuy,-33.6971,-53.4616,60.26,95,100,14.56,UY,2021-10-11 21:42:57
168,Cherskiy,68.75,161.3,-1.97,99,39,3.24,RU,2021-10-11 21:42:57
169,Skibbereen,51.55,-9.2667,51.6,88,31,2.59,IE,2021-10-11 21:42:57
170,Saskylakh,71.9167,114.0833,26.42,96,100,14.56,RU,2021-10-11 21:42:58
171,Hami,42.8,93.45,45.23,47,11,8.97,CN,2021-10-11 21:42:58
172,Constitucion,-35.3333,-72.4167,57.11,78,10,8.05,CL,2021-10-11 21:42:59
173,Presidencia Roque Saenz Pena,-26.7852,-60.4388,76.89,42,0,3.24,AR,2021-10-11 21:42:59
174,Kruisfontein,-34.0033,24.7314,66.7,23,94,7.72,ZA,2021-10-11 21:43:00
175,Faanui,-16.4833,-151.75,80.15,78,50,16.44,PF,2021-10-11 21:43:00
176,Broome,42.2506,-75.833,70.56,76,1,1.99,US,2021-10-11 21:43:00
177,Jamame,0.0722,42.7506,76.39,85,96,11.41,SO,2021-10-11 21:43:01
178,Neyshabur,36.2133,58.7958,47.03,20,0,2.19,IR,2021-10-11 21:43:01
179,Djenne,13.9061,-4.5533,84.06,51,100,7.18,ML,2021-10-11 21:43:02
180,Turukhansk,65.8167,87.9833,26.53,79,100,7.45,RU,2021-10-11 21:43:03
181,Saldanha,-33.0117,17.9442,60.85,85,100,13.38,ZA,2021-10-11 21:43:03
182,Songjianghe,42.1859,127.479,35.55,80,0,2.8,CN,2021-10-11 21:43:03
183,Katherine,-14.4667,132.2667,77.32,78,79,3.44,AU,2021-10-11 21:43:04
184,Meulaboh,4.1363,96.1285,75.7,87,98,3.8,ID,2021-10-11 21:43:04
185,Lorengau,-2.0226,147.2712,84.24,72,17,6.98,PG,2021-10-11 21:43:04
186,Salto,-31.3833,-57.9667,75.36,60,40,9.22,UY,2021-10-11 21:40:22
187,Tornio,65.8481,24.1466,37.42,86,100,3.96,FI,2021-10-11 21:43:05
188,Formby,53.5536,-3.0682,53.89,88,50,15.77,GB,2021-10-11 21:43:05
189,Aklavik,68.2191,-135.0107,29.23,78,96,10.74,CA,2021-10-11 21:43:05
190,Lebu,-37.6167,-73.65,54.23,80,100,14.81,CL,2021-10-11 21:41:54
191,Nara,34.6851,135.8049,72.97,87,97,3.33,JP,2021-10-11 21:42:14
192,Belmonte,-15.8631,-38.8828,77.5,83,83,5.32,BR,2021-10-11 21:43:06
193,Rodrigues Alves,-7.738,-72.6509,91.6,56,51,4.14,BR,2021-10-11 21:43:06
194,Escanaba,45.7453,-87.0646,66.63,87,75,6.91,US,2021-10-11 21:42:49
195,Naze,28.3667,129.4833,77.22,86,99,16.98,JP,2021-10-11 21:43:07
196,Buluang,13.3068,123.3425,78.85,92,100,12.03,PH,2021-10-11 21:43:07
197,Cidreira,-30.1811,-50.2056,62.69,92,99,21.88,BR,2021-10-11 21:41:13
198,Vila Franca Do Campo,37.7167,-25.4333,70.21,89,100,11.03,PT,2021-10-11 21:43:07
199,Siero,43.3833,-5.6667,56.3,95,20,3.58,ES,2021-10-11 21:43:08
200,Maniitsoq,65.4167,-52.9,38.25,73,97,4.43,GL,2021-10-11 21:43:08
201,Saint Anthony,45.0205,-93.218,71.22,51,1,3.0,US,2021-10-11 21:43:08
202,Rio Grande,-32.035,-52.0986,64.51,91,100,21.34,BR,2021-10-11 21:43:09
203,Kavieng,-2.5744,150.7967,83.28,71,31,8.88,PG,2021-10-11 21:43:09
204,Brae,60.3964,-1.353,46.31,71,88,16.51,GB,2021-10-11 21:43:09
205,Mariakani,-3.8633,39.4736,69.96,96,100,6.06,KE,2021-10-11 21:43:10
206,Kutum,14.2,24.6667,84.13,29,99,9.26,SD,2021-10-11 21:43:10
207,Mahebourg,-20.4081,57.7,74.25,94,40,4.61,MU,2021-10-11 21:43:10
208,Mar Del Plata,-38.0023,-57.5575,59.02,30,0,8.99,AR,2021-10-11 21:43:11
209,Mozhaysk,55.5019,36.0272,39.83,76,98,5.7,RU,2021-10-11 21:43:11
210,Wanaka,-44.7,169.15,45.1,62,82,8.99,NZ,2021-10-11 21:43:12
211,Manaus,-3.1019,-60.025,91.89,62,40,3.44,BR,2021-10-11 21:40:16
212,Kautokeino,69.0125,23.0412,36.93,95,100,12.82,NO,2021-10-11 21:43:12
213,Guangyuan,32.442,105.823,53.47,93,100,2.57,CN,2021-10-11 21:43:13
214,Hilo,19.7297,-155.09,79.25,88,90,8.05,US,2021-10-11 21:40:56
215,Deputatskiy,69.3,139.9,20.8,97,100,2.21,RU,2021-10-11 21:43:13
216,Nome,64.5011,-165.4064,37.47,57,90,9.22,US,2021-10-11 21:43:06
217,Guasdualito,7.2424,-70.7324,76.41,94,100,2.39,VE,2021-10-11 21:43:14
218,Victoria,22.2855,114.1577,76.32,70,100,1.99,HK,2021-10-11 21:39:30
219,Morant Bay,17.8815,-76.4093,85.62,78,66,7.0,JM,2021-10-11 21:40:11
220,Magadan,59.5667,150.8,31.28,59,100,3.74,RU,2021-10-11 21:43:14
221,Kloulklubed,7.0419,134.2556,75.7,76,99,9.48,PW,2021-10-11 21:43:15
222,Lata,40.1629,-8.3327,70.21,56,97,5.08,PT,2021-10-11 21:43:15
223,Vaitape,-16.5167,-151.75,80.17,78,51,16.49,PF,2021-10-11 21:43:15
224,Cabedelo,-6.9811,-34.8339,79.47,78,67,10.85,BR,2021-10-11 21:43:16
225,Radhanpur,23.8333,71.6,84.27,67,0,4.59,IN,2021-10-11 21:43:16
226,Pevek,69.7008,170.3133,16.79,90,100,7.47,RU,2021-10-11 21:43:17
227,Sur,22.5667,59.5289,81.99,48,0,4.23,OM,2021-10-11 21:42:45
228,Lavrentiya,65.5833,-171.0,30.61,82,100,9.84,RU,2021-10-11 21:42:00
229,Sembakung,3.8167,117.25,82.33,99,99,2.24,ID,2021-10-11 21:43:17
230,Esperance,-33.8667,121.9,44.44,67,92,27.96,AU,2021-10-11 21:43:17
231,Clyde River,70.4692,-68.5914,41.23,60,75,36.82,CA,2021-10-11 21:38:57
232,Blackfoot,43.1905,-112.345,41.54,82,100,9.57,US,2021-10-11 21:43:18
233,Natal,-5.795,-35.2094,81.25,78,20,8.05,BR,2021-10-11 21:43:17
234,Poronaysk,49.2167,143.1167,44.91,74,24,8.16,RU,2021-10-11 21:43:18
235,Northam,51.0333,-4.2167,53.62,93,12,5.77,GB,2021-10-11 21:43:19
236,Laguna,38.421,-121.4238,72.21,22,20,11.01,US,2021-10-11 21:43:19
237,Saint-Philippe,-21.3585,55.7679,73.22,90,82,4.21,RE,2021-10-11 21:41:37
238,Manjeshwar,12.7194,74.8861,76.15,90,99,3.56,IN,2021-10-11 21:43:19
239,Nanortalik,60.1432,-45.2371,39.34,55,100,0.74,GL,2021-10-11 21:41:30
240,Port Alfred,-33.5906,26.891,68.5,64,68,0.54,ZA,2021-10-11 21:43:20
241,Bonavista,48.6499,-53.1147,48.2,75,2,16.02,CA,2021-10-11 21:43:20
242,Norman Wells,65.282,-126.8329,33.84,75,75,12.66,CA,2021-10-11 21:41:30
243,Isilkul,54.9109,71.2728,34.07,48,100,12.53,RU,2021-10-11 21:43:21
244,Diffa,13.3154,12.6113,88.75,14,33,6.11,NE,2021-10-11 21:43:21
245,Faya,18.3851,42.4509,64.51,23,99,8.61,SA,2021-10-11 21:43:21
246,Requena,39.4883,-1.1004,59.13,95,100,3.36,ES,2021-10-11 21:43:22
247,Qarqin,37.4185,66.0436,50.65,31,1,1.7,AF,2021-10-11 21:43:22
248,Atambua,-9.1061,124.8925,74.41,81,70,3.27,ID,2021-10-11 21:43:22
249,Touros,-5.1989,-35.4608,81.5,78,100,13.96,BR,2021-10-11 21:43:23
250,Adre,13.4667,22.2,87.4,23,90,10.11,TD,2021-10-11 21:43:23
251,Terrace Bay,48.7834,-87.1,58.62,91,100,11.1,CA,2021-10-11 21:43:23
252,El Dorado,38.7666,-120.5177,61.63,29,34,11.01,US,2021-10-11 21:43:24
253,Carberry,49.8689,-99.3602,59.23,28,0,15.82,CA,2021-10-11 21:43:24
254,Kochki,54.3358,80.4806,25.93,79,49,6.73,RU,2021-10-11 21:43:25
255,Itapuranga,-15.5622,-49.9486,74.88,72,96,2.73,BR,2021-10-11 21:43:25
256,Chapais,49.7834,-74.8492,60.58,90,100,10.83,CA,2021-10-11 21:43:25
257,Ulladulla,-35.35,150.4667,54.5,71,99,3.29,AU,2021-10-11 21:43:26
258,Sisimiut,66.9395,-53.6735,34.36,76,94,7.05,GL,2021-10-11 21:43:26
259,Tautira,-17.7333,-149.15,84.22,79,39,14.56,PF,2021-10-11 21:43:26
260,Seoul,37.5683,126.9778,63.79,80,75,3.44,KR,2021-10-11 21:42:17
261,Vanimo,-2.6741,141.3028,80.73,80,75,3.11,PG,2021-10-11 21:43:27
262,Palmer,42.1584,-72.3287,69.17,69,79,4.36,US,2021-10-11 21:41:08
263,Gao,16.6362,1.637,87.44,9,18,9.62,ML,2021-10-11 21:43:27
264,Taklisah,36.7833,10.6333,64.81,71,6,11.9,TN,2021-10-11 21:43:27
265,Lubango,-14.9172,13.4925,64.92,55,1,2.84,AO,2021-10-11 21:43:28
266,Necochea,-38.5473,-58.7368,66.04,90,60,10.02,AR,2021-10-11 21:43:28
267,Rovira,4.2392,-75.24,73.51,86,100,1.28,CO,2021-10-11 21:43:28
268,Juneau,58.3019,-134.4197,44.65,91,90,20.71,US,2021-10-11 21:43:29
269,Amazar,53.858,120.875,35.96,81,100,3.27,RU,2021-10-11 21:43:29
270,Sao Filipe,14.8961,-24.4956,79.9,73,3,8.59,CV,2021-10-11 21:43:29
271,Kangaatsiaq,68.3065,-53.4641,32.5,75,100,11.5,GL,2021-10-11 21:43:30
272,Bathsheba,13.2167,-59.5167,86.61,70,20,10.36,BB,2021-10-11 21:43:30
273,Poum,-20.2333,164.0167,75.4,75,90,15.28,NC,2021-10-11 21:42:31
274,San Policarpo,12.1791,125.5072,81.41,79,100,12.15,PH,2021-10-11 21:43:30
275,Sao Gabriel Da Cachoeira,-0.1303,-67.0892,81.01,80,95,5.39,BR,2021-10-11 21:43:31
276,Richards Bay,-28.783,32.0377,62.2,67,53,15.61,ZA,2021-10-11 21:43:31
277,Clevelandia,-26.3958,-52.4708,58.5,92,75,5.68,BR,2021-10-11 21:43:31
278,Halifax,44.6453,-63.5724,64.29,79,17,13.8,CA,2021-10-11 21:43:32
279,Nova Olinda Do Norte,-3.8881,-59.0942,85.75,56,70,3.36,BR,2021-10-11 21:43:32
280,Nelson Bay,-32.7167,152.15,60.1,83,100,1.99,AU,2021-10-11 21:43:33
281,Bagotville,-28.9833,153.4167,59.02,98,100,6.76,AU,2021-10-11 21:43:33
282,Imbituba,-28.24,-48.6703,66.09,94,100,11.5,BR,2021-10-11 21:43:33
283,Pahrump,36.2083,-115.9839,72.61,22,97,8.01,US,2021-10-11 21:43:34
284,Dothan,31.2232,-85.3905,85.19,59,40,4.61,US,2021-10-11 21:42:34
285,Ust-Omchug,61.15,149.6333,10.92,86,100,2.51,RU,2021-10-11 21:43:34
286,San Vicente,-26.6167,-54.1333,63.23,90,41,0.43,AR,2021-10-11 21:43:34
287,Huarmey,-10.0681,-78.1522,66.61,79,31,12.5,PE,2021-10-11 21:43:35
288,Asasa,7.1,39.2,52.81,91,94,0.92,ET,2021-10-11 21:43:35
289,Kalat,29.0225,66.5916,47.52,14,0,4.7,PK,2021-10-11 21:43:35
290,Kahului,20.8947,-156.47,85.26,80,40,19.57,US,2021-10-11 21:43:35
291,Ugoofaaru,5.6667,73.0,82.38,78,100,20.11,MV,2021-10-11 21:43:36
292,Progreso,21.2833,-89.6667,96.12,70,7,14.97,MX,2021-10-11 21:43:36
293,Labuhan,-6.8844,112.2051,77.61,73,32,12.17,ID,2021-10-11 21:43:36
294,Ahipara,-35.1667,173.1667,55.6,83,100,14.09,NZ,2021-10-11 21:43:37
295,Hambantota,6.1241,81.1185,80.94,83,0,9.22,LK,2021-10-11 21:43:37
296,Zheleznodorozhnyy,55.7503,38.0042,46.22,63,100,4.97,RU,2021-10-11 21:39:42
297,Knysna,-34.0363,23.0471,64.78,43,98,5.35,ZA,2021-10-11 21:43:37
298,Taltal,-25.4,-70.4833,63.97,68,43,6.51,CL,2021-10-11 21:43:38
299,Fare,-16.7,-151.0167,79.9,78,20,15.43,PF,2021-10-11 21:43:38
300,Galesong,-5.3166,119.3661,78.82,77,97,11.34,ID,2021-10-11 21:43:38
301,Pilar,-9.5972,-35.9567,78.73,83,1,8.63,BR,2021-10-11 21:40:29
302,Shirokaya Rechka,56.7986,60.4852,45.86,87,99,10.56,RU,2021-10-11 21:43:39
303,Monteagudo,-19.8167,-63.9833,65.98,94,100,0.58,BO,2021-10-11 21:43:39
304,Griffith,41.5284,-87.4237,74.01,82,90,8.05,US,2021-10-11 21:38:43
305,Laramie,41.3114,-105.5911,59.09,32,1,7.0,US,2021-10-11 21:43:40
306,Kavaratti,10.5669,72.642,81.45,82,100,22.21,IN,2021-10-11 21:43:40
307,Umm Kaddadah,13.6017,26.6876,90.99,36,67,12.95,SD,2021-10-11 21:43:12
308,Paamiut,61.994,-49.6678,36.79,88,76,2.64,GL,2021-10-11 21:43:40
309,Narimanov,46.6927,47.8498,42.71,67,68,9.55,RU,2021-10-11 21:43:41
310,Rawson,-43.3002,-65.1023,61.61,46,96,11.7,AR,2021-10-11 21:43:41
311,Gizo,-8.103,156.8419,81.95,76,84,3.76,SB,2021-10-11 21:43:23
312,Sira,13.7453,76.9092,71.42,93,100,7.52,IN,2021-10-11 21:43:42
313,Mackenzie,55.2999,-123.1698,39.42,75,20,13.8,CA,2021-10-11 21:43:42
314,Amarante Do Maranhao,-5.5667,-46.7422,84.22,47,100,1.03,BR,2021-10-11 21:43:43
315,Nouadhibou,20.931,-17.0347,67.98,88,0,14.97,MR,2021-10-11 21:43:43
316,Alta Floresta,-9.8756,-56.0861,78.42,77,70,1.74,BR,2021-10-11 21:43:43
317,Marigot,18.0667,-63.0833,84.42,79,75,11.5,MF,2021-10-11 21:43:44
318,College,64.8569,-147.8028,41.79,76,75,5.75,US,2021-10-11 21:40:10
319,Heihe,50.2441,127.4902,32.58,71,14,5.73,CN,2021-10-11 21:43:45
320,Buchanan,5.8808,-10.0467,76.96,86,98,7.18,LR,2021-10-11 21:43:45
321,Saint George,37.1041,-113.5841,77.47,18,1,14.0,US,2021-10-11 21:40:02
322,Acapulco,16.8634,-99.8901,85.82,20,1,4.61,MX,2021-10-11 21:41:40
323,Evanston,42.0411,-87.6901,69.46,93,90,1.01,US,2021-10-11 21:42:56
324,Litovko,49.2361,135.1742,40.5,66,1,7.0,RU,2021-10-11 21:43:46
325,Sant Julia De Loria,42.4625,1.4825,50.59,36,0,6.87,AD,2021-10-11 21:43:46
326,San Quintin,30.4833,-115.95,69.44,68,0,16.8,MX,2021-10-11 21:42:36
327,Mount Gambier,-37.8333,140.7667,40.91,87,56,6.91,AU,2021-10-11 21:43:34
328,Habra,22.8344,88.6275,82.29,77,50,6.26,IN,2021-10-11 21:43:46
329,Marshall,34.3834,-86.3333,81.57,68,40,5.01,US,2021-10-11 21:43:47
330,Rock Sound,24.9,-76.2,81.81,69,91,9.46,BS,2021-10-11 21:43:47
331,Akyab,20.15,92.9,81.12,88,100,6.8,MM,2021-10-11 21:43:47
332,Adrar,20.5022,-10.0711,89.01,14,38,2.39,MR,2021-10-11 21:42:48
333,Decatur,39.8403,-88.9548,74.98,88,40,18.41,US,2021-10-11 21:39:21
334,Pingdu,36.7844,119.9464,51.24,64,85,3.36,CN,2021-10-11 21:43:49
335,Porto Walter,-8.2686,-72.7439,91.15,46,42,3.42,BR,2021-10-11 21:43:49
336,Olavarria,-36.8927,-60.3225,59.32,88,59,8.86,AR,2021-10-11 21:43:50
337,Avera,33.194,-82.5271,78.75,61,100,3.53,US,2021-10-11 21:43:50
338,Alice Springs,-23.7,133.8833,49.55,100,0,0.0,AU,2021-10-11 21:43:50
339,Kokoda,-8.8785,147.7407,75.9,92,99,1.5,PG,2021-10-11 21:43:51
340,Mehamn,71.0357,27.8492,44.51,93,75,9.22,NO,2021-10-11 21:43:51
341,Kem,64.9555,34.5793,44.73,81,72,13.62,RU,2021-10-11 21:43:51
342,Yeppoon,-23.1333,150.7333,73.18,70,82,5.28,AU,2021-10-11 21:42:50
343,Pionerskiy,54.9508,20.2275,44.44,81,14,18.37,RU,2021-10-11 21:43:52
344,Port Augusta,-32.5,137.7667,54.72,31,79,4.85,AU,2021-10-11 21:43:52
345,Bubaque,11.2833,-15.8333,82.67,77,99,7.36,GW,2021-10-11 21:43:52
346,Ustye,59.6304,39.736,37.72,88,89,6.02,RU,2021-10-11 21:43:53
347,Ajdabiya,30.7554,20.2263,72.57,69,0,12.48,LY,2021-10-11 21:43:53
348,Chitrakonda,18.1167,82.0833,69.94,83,93,1.63,IN,2021-10-11 21:43:53
349,Shizilu,35.1711,118.8289,51.06,66,90,6.51,CN,2021-10-11 21:43:54
350,Dikson,73.5069,80.5464,30.79,67,100,14.27,RU,2021-10-11 21:43:54
351,Puerto Salgar,5.463,-74.6544,82.9,71,97,5.97,CO,2021-10-11 21:43:54
352,College Station,30.628,-96.3344,85.82,42,1,0.0,US,2021-10-11 21:43:55
353,Escuinapa,22.85,-105.8,89.35,58,96,8.1,MX,2021-10-11 21:43:55
354,Kenai,60.5544,-151.2583,47.03,76,90,21.85,US,2021-10-11 21:43:56
355,Manokwari,-0.8667,134.0833,80.6,74,59,3.78,ID,2021-10-11 21:43:56
356,Kismayo,-0.3582,42.5454,77.02,86,99,13.98,SO,2021-10-11 21:43:56
357,Cayenne,4.9333,-52.3333,84.24,85,20,3.0,GF,2021-10-11 21:43:56
358,Antofagasta,-23.65,-70.4,60.08,75,21,9.37,CL,2021-10-11 21:43:57
359,Bloemfontein,-29.1211,26.214,54.88,50,0,4.61,ZA,2021-10-11 21:42:55
360,Hamada,34.8833,132.0833,73.0,93,99,14.97,JP,2021-10-11 21:43:57
361,San Patricio,28.017,-97.5169,86.85,68,95,9.53,US,2021-10-11 21:43:58
362,Poya,-21.35,165.15,78.22,58,70,3.47,NC,2021-10-11 21:43:58
363,Nemuro,43.3236,145.575,55.63,66,16,10.04,JP,2021-10-11 21:43:58
364,Lobito,-12.3481,13.5456,73.35,83,24,3.47,AO,2021-10-11 21:43:59
365,Santarem,-2.4431,-54.7083,87.93,62,20,13.8,BR,2021-10-11 21:43:59
366,Sioux Lookout,50.1001,-91.917,60.87,88,90,12.66,CA,2021-10-11 21:43:59
367,Young,-32.6833,-57.6333,59.18,93,61,6.98,UY,2021-10-11 21:44:00
368,Yerbogachen,61.2767,108.0108,21.56,68,0,10.76,RU,2021-10-11 21:44:00
369,Margate,51.3813,1.3862,51.96,83,77,9.01,GB,2021-10-11 21:44:01
370,Meridian,43.6121,-116.3915,56.25,31,1,11.99,US,2021-10-11 21:40:54
371,Basti,26.8,82.7167,74.7,64,4,1.86,IN,2021-10-11 21:44:01
372,Pontianak,-0.0333,109.3333,78.78,94,90,4.61,ID,2021-10-11 21:44:02
373,Ilulissat,69.2167,-51.1,26.62,68,100,2.3,GL,2021-10-11 21:44:02
374,Jinxiang,27.4327,120.6062,73.08,84,100,20.6,CN,2021-10-11 21:44:03
375,Codrington,-38.2667,141.9667,46.06,76,20,11.7,AU,2021-10-11 21:44:03
376,Coihaique,-45.5752,-72.0662,56.01,44,75,5.75,CL,2021-10-11 21:44:03
377,Aranos,-24.1333,19.1167,68.61,31,0,14.7,NA,2021-10-11 21:44:04
378,Kobryn,52.2138,24.3564,44.58,57,100,4.29,BY,2021-10-11 21:44:04
379,La Maddalena,41.2142,9.4083,53.65,65,0,8.55,IT,2021-10-11 21:44:04
380,Luanda,-8.8368,13.2343,74.03,83,75,5.77,AO,2021-10-11 21:42:48
381,Keighley,53.8679,-1.9066,54.12,89,40,3.0,GB,2021-10-11 21:44:05
382,Ngorongoro,-3.2397,35.4875,53.49,57,100,8.19,TZ,2021-10-11 21:44:05
383,Primorsk,46.7348,36.3443,52.97,78,100,4.94,UA,2021-10-11 21:44:06
384,Rudnogorsk,57.2639,103.7519,22.55,85,100,4.16,RU,2021-10-11 21:44:06
385,Guane,22.2025,-84.0875,84.0,65,27,5.32,CU,2021-10-11 21:44:06
386,Jawhar,2.7809,45.5005,76.75,81,100,11.88,SO,2021-10-11 21:44:06
387,Damghan,36.1683,54.348,52.27,51,0,1.57,IR,2021-10-11 21:44:07
388,Ambulu,-8.345,113.6058,73.89,83,97,2.98,ID,2021-10-11 21:44:07
389,Moussoro,13.6408,16.4901,92.25,12,4,9.06,TD,2021-10-11 21:44:08
390,Kiruna,67.8557,20.2251,40.12,81,90,9.22,SE,2021-10-11 21:44:08
391,Salalah,17.0151,54.0924,78.89,78,20,3.44,OM,2021-10-11 21:44:08
392,Tikhvin,59.6451,33.5294,42.22,77,50,7.83,RU,2021-10-11 21:44:09
393,Carahue,-38.7,-73.1667,64.6,68,100,5.53,CL,2021-10-11 21:44:09
394,Mirador,-6.3708,-44.3631,86.02,48,87,2.13,BR,2021-10-11 21:44:09
395,Abu Dhabi,24.4667,54.3667,87.82,66,0,4.61,AE,2021-10-11 21:41:01
396,Suraabad,40.8192,49.4687,57.38,68,15,16.17,AZ,2021-10-11 21:44:10
397,Husavik,66.0449,-17.3389,31.91,74,98,6.22,IS,2021-10-11 21:44:10
398,Pangai,-19.8,-174.35,77.11,57,40,6.91,TO,2021-10-11 21:44:11
399,Reo,12.3167,-2.4667,84.78,43,79,8.61,BF,2021-10-11 21:44:11
400,Marihatag,8.7936,126.2969,78.91,76,100,9.17,PH,2021-10-11 21:44:11
401,Mecca,21.4267,39.8261,86.25,34,4,3.38,SA,2021-10-11 21:44:12
402,Acari,-15.4311,-74.6158,69.44,71,38,6.29,PE,2021-10-11 21:44:12
403,Port Hedland,-20.3167,118.5667,60.85,100,2,5.75,AU,2021-10-11 21:44:12
404,Hope,33.6671,-93.5916,80.65,39,0,8.48,US,2021-10-11 21:40:52
405,Moree,-29.4667,149.85,60.82,94,90,10.36,AU,2021-10-11 21:44:13
406,Guhagar,17.4842,73.1929,77.31,91,100,3.15,IN,2021-10-11 21:44:13
407,Lamas,-6.4167,-76.5333,77.47,90,96,0.85,PE,2021-10-11 21:44:13
408,Daru,-9.0763,143.2092,80.94,80,59,7.45,PG,2021-10-11 21:44:14
409,Aykhal,66.0,111.5,13.59,93,100,25.26,RU,2021-10-11 21:44:14
410,Kodinsk,58.6881,99.1844,21.36,69,2,0.98,RU,2021-10-11 21:44:14
411,Saint-Joseph,-21.3667,55.6167,72.21,92,81,6.6,RE,2021-10-11 21:44:15
412,Lakselv,70.0513,24.9718,44.42,100,90,10.36,NO,2021-10-11 21:44:15
413,Pangnirtung,66.1451,-65.7125,33.8,93,75,4.61,CA,2021-10-11 21:44:15
414,Port Blair,11.6667,92.75,78.84,89,40,2.3,IN,2021-10-11 21:44:16
415,San Bartolome De Tirajana,27.9248,-15.5733,62.31,66,20,9.22,ES,2021-10-11 21:44:16
416,Arman,59.7,150.1667,30.2,57,100,3.69,RU,2021-10-11 21:44:16
417,Derzhavinsk,51.1,66.3167,34.05,51,16,8.03,KZ,2021-10-11 21:44:17
418,Cradock,-32.1642,25.6192,71.53,26,100,8.61,ZA,2021-10-11 21:44:17
419,Redlands,34.0556,-117.1825,72.88,58,6,5.01,US,2021-10-11 21:39:26
420,Okhotsk,59.3833,143.3,24.26,81,5,8.23,RU,2021-10-11 21:44:17
421,Bundaberg,-24.85,152.35,71.22,82,75,1.01,AU,2021-10-11 21:44:18
422,Baykit,61.67,96.37,18.99,88,28,2.68,RU,2021-10-11 21:44:18
423,Dubti,11.7361,41.0853,85.98,53,43,5.3,ET,2021-10-11 21:44:18
424,Nyuksenitsa,60.4128,44.2397,38.37,88,56,6.08,RU,2021-10-11 21:44:19
425,Notodden,59.5594,9.2585,43.95,73,0,3.89,NO,2021-10-11 21:44:19
426,New Glasgow,45.5834,-62.6486,59.38,90,74,4.07,CA,2021-10-11 21:42:05
427,Montes Altos,-5.8333,-47.0667,85.5,49,100,3.0,BR,2021-10-11 21:44:19
428,Gigmoto,13.7796,124.39,81.25,85,100,16.98,PH,2021-10-11 21:44:20
429,Port Hueneme,34.1478,-119.1951,79.48,40,1,23.02,US,2021-10-11 21:44:20
430,Mega,4.05,38.3,66.02,57,97,15.19,ET,2021-10-11 21:44:20
431,Palembang,-2.9167,104.7458,75.33,91,99,2.86,ID,2021-10-11 21:44:21
432,Uruzgan,32.8333,66.0,45.79,17,0,1.21,AF,2021-10-11 21:44:21
433,Plaster Rock,46.9065,-67.39,64.92,85,62,1.12,CA,2021-10-11 21:44:21
434,Salinas,36.6777,-121.6555,73.0,53,1,20.71,US,2021-10-11 21:40:33
435,Victor Harbor,-35.5667,138.6167,57.79,76,91,11.65,AU,2021-10-11 21:44:22
436,Arlit,18.7369,7.3853,86.61,9,54,10.65,NE,2021-10-11 21:44:22
437,Tarabha,20.7333,83.65,73.13,79,48,2.01,IN,2021-10-11 21:44:22
438,Key West,24.5557,-81.7826,86.0,62,1,5.75,US,2021-10-11 21:42:44
439,Sambava,-14.2667,50.1667,69.96,88,15,10.96,MG,2021-10-11 21:44:23
440,Soe,-9.8607,124.284,68.05,71,85,2.46,ID,2021-10-11 21:44:23
441,Tuatapere,-46.1333,167.6833,43.56,81,99,11.95,NZ,2021-10-11 21:44:23
442,Vila Velha,-20.3297,-40.2925,68.76,90,100,18.9,BR,2021-10-11 21:44:24
443,Sarany,58.5,58.8833,41.31,98,100,8.97,RU,2021-10-11 21:44:24
444,Verkhoyansk,67.5447,133.385,31.06,93,100,4.16,RU,2021-10-11 21:44:25
445,Dahuk,36.8695,42.994,69.66,15,0,4.85,IQ,2021-10-11 21:44:25
446,Mazabuka,-15.856,27.748,66.7,60,0,12.64,ZM,2021-10-11 21:44:25
447,Talnakh,69.4865,88.3972,19.58,96,100,5.82,RU,2021-10-11 21:44:25
448,Nosy Varika,-20.5833,48.5333,68.99,93,86,5.7,MG,2021-10-11 21:44:26
449,Northallerton,54.339,-1.4324,54.93,82,75,4.61,GB,2021-10-11 21:44:26
450,Santa Lucia,27.9117,-15.5407,64.76,62,20,9.22,ES,2021-10-11 21:44:26
451,Muisne,0.6,-80.0333,78.91,81,93,7.05,EC,2021-10-11 21:44:27
452,Grand-Santi,4.25,-54.3833,75.78,86,85,3.22,GF,2021-10-11 21:44:27
453,Yenagoa,4.9247,6.2642,77.04,92,52,3.09,NG,2021-10-11 21:44:27
454,Goderich,43.7501,-81.7165,77.32,65,100,10.36,CA,2021-10-11 21:44:28
455,Santa Rosa,14.3122,121.1114,83.1,80,100,14.47,PH,2021-10-11 21:44:28
456,Pimenta Bueno,-11.6725,-61.1936,89.01,44,82,2.62,BR,2021-10-11 21:44:29
457,Ahuimanu,21.4447,-157.8378,85.71,60,40,14.97,US,2021-10-11 21:44:29
458,Mandalgovi,45.7625,106.2708,35.78,32,43,8.08,MN,2021-10-11 21:44:29
459,Kefalos,36.7453,26.9589,71.82,49,20,0.0,GR,2021-10-11 21:44:30
460,Bissau,11.8636,-15.5977,78.91,94,20,1.14,GW,2021-10-11 21:44:30
461,Jibuti,11.5,42.5,81.82,60,22,4.09,DJ,2021-10-11 21:44:30
462,Kishni,27.0247,79.2634,78.3,55,21,1.9,IN,2021-10-11 21:44:31
463,Roseburg,43.2165,-123.3417,58.17,47,40,5.75,US,2021-10-11 21:44:31
464,Huntingdon,52.3305,-0.1865,51.82,88,61,8.32,GB,2021-10-11 21:44:31
465,Asau,46.4333,26.4,48.76,83,100,3.49,RO,2021-10-11 21:44:32
466,Kindu,-2.95,25.95,70.18,99,100,3.71,CD,2021-10-11 21:44:32
467,Ghimes-Faget,46.5833,26.0667,44.22,65,100,2.8,RO,2021-10-11 21:44:32
468,Los Llanos De Aridane,28.6585,-17.9182,67.75,78,75,5.75,ES,2021-10-11 21:44:33
469,Ouegoa,-20.35,164.4333,77.27,69,85,9.69,NC,2021-10-11 21:44:33
470,San Nicolas,18.1725,120.5953,76.91,94,90,26.46,PH,2021-10-11 21:43:41
471,Krasnoselkup,65.7,82.4667,26.87,73,100,6.2,RU,2021-10-11 21:44:33
472,Emerald,-23.5333,148.1667,71.74,83,82,8.05,AU,2021-10-11 21:44:34
473,Jinchang,38.4953,102.1739,47.05,49,18,11.16,CN,2021-10-11 21:44:34
474,Stornoway,58.2093,-6.3865,53.92,100,75,12.66,GB,2021-10-11 21:44:34
475,Manyana,-23.4,21.7167,65.68,38,0,8.93,BW,2021-10-11 21:44:35
476,Eyl,7.9803,49.8164,79.68,77,61,13.8,SO,2021-10-11 21:44:35
477,Kardamaina,36.7814,27.1425,72.88,49,20,0.0,GR,2021-10-11 21:44:35
478,Firminopolis,-16.5819,-50.305,74.1,77,77,3.27,BR,2021-10-11 21:44:36
479,Vostok,46.4856,135.8833,35.35,76,0,2.91,RU,2021-10-11 21:43:11
480,Forestville,38.8451,-76.875,68.68,84,90,9.22,US,2021-10-11 21:44:36
481,Mount Isa,-20.7333,139.5,67.77,83,90,8.05,AU,2021-10-11 21:43:37
482,Bud,39.447,-86.1758,80.58,64,55,19.71,US,2021-10-11 21:44:36
483,Oistins,13.0667,-59.5333,86.09,70,20,10.36,BB,2021-10-11 21:44:37
484,Birjand,32.8663,59.2211,37.87,11,0,6.91,IR,2021-10-11 21:44:37
485,Qaqortoq,60.7167,-46.0333,34.3,51,100,3.18,GL,2021-10-11 21:44:37
486,Nalut,30.3333,10.85,68.05,47,80,12.88,LY,2021-10-11 21:44:38
487,Toora-Khem,52.4675,96.11,35.15,99,100,1.5,RU,2021-10-11 21:44:38
488,Road Town,18.4167,-64.6167,83.19,83,40,11.5,VG,2021-10-11 21:39:57
489,Lasa,46.6166,10.7002,50.88,68,100,6.17,IT,2021-10-11 21:44:39
490,Moose Factory,51.2585,-80.6094,64.4,94,90,12.66,CA,2021-10-11 21:44:39
491,San Cristobal,7.7669,-72.225,78.98,76,89,3.42,VE,2021-10-11 21:42:42
492,Iquique,-20.2208,-70.1431,62.64,76,43,4.99,CL,2021-10-11 21:43:58
493,Saint-Augustin,51.226,-58.6502,52.79,78,100,3.36,CA,2021-10-11 21:44:39
494,Auki,-8.7676,160.7034,84.33,66,39,2.01,SB,2021-10-11 21:44:40
495,Lixourion,38.2019,20.4314,64.81,74,71,12.24,GR,2021-10-11 21:44:40
496,Togur,58.3631,82.8265,24.98,69,9,2.26,RU,2021-10-11 21:44:41
497,Nieuw Nickerie,5.95,-56.9833,81.91,82,29,12.82,SR,2021-10-11 21:44:41
498,Marabba,12.35,32.1833,85.59,56,100,5.77,SD,2021-10-11 21:44:41
499,Muros,42.7762,-9.0603,61.84,77,13,8.68,ES,2021-10-11 21:44:42
500,Kabinda,-6.1333,24.4833,67.21,93,100,5.46,CD,2021-10-11 21:44:42
501,Yuxia,34.0615,108.6291,48.81,91,100,3.06,CN,2021-10-11 21:44:42
502,Chililabombwe,-12.3648,27.8229,68.99,53,99,9.64,ZM,2021-10-11 21:44:43
503,Half Moon Bay,37.4636,-122.4286,73.06,44,1,17.27,US,2021-10-11 21:44:43
504,Balabac,7.9868,117.0645,81.75,79,100,20.92,PH,2021-10-11 21:44:44
505,Chernyshkovskiy,48.4219,42.2308,51.66,70,5,8.23,RU,2021-10-11 21:44:44
506,Severo-Kurilsk,50.6789,156.125,46.04,85,95,34.29,RU,2021-10-11 21:44:44
507,Ormara,25.2088,64.6357,82.02,27,0,15.82,PK,2021-10-11 21:44:44
508,Sturgeon Falls,46.3646,-79.9326,73.89,79,95,10.11,CA,2021-10-11 21:44:45
509,Port Hardy,50.6996,-127.4199,46.4,93,90,5.75,CA,2021-10-11 21:44:45
510,Adwa,14.1646,38.8955,64.56,71,78,3.71,ET,2021-10-11 21:44:45
511,Ponta Delgada,37.7333,-25.6667,70.52,94,40,8.05,PT,2021-10-11 21:44:46
512,Kununurra,-15.7667,128.7333,76.98,88,40,3.44,AU,2021-10-11 21:44:46
513,Binga,-17.6203,27.3414,75.94,49,33,6.4,ZW,2021-10-11 21:44:46
514,Lethem,3.3803,-59.7968,93.25,52,20,13.8,GY,2021-10-11 21:44:47
515,Urusha,54.05,122.9,35.62,77,100,3.36,RU,2021-10-11 21:44:47
516,Malaya Purga,56.5567,53.0043,46.51,89,100,5.99,RU,2021-10-11 21:44:47
517,Minatitlan,17.9833,-94.5167,95.09,63,20,6.91,MX,2021-10-11 21:44:48
518,Vestmanna,62.1564,-7.1664,38.32,93,75,4.61,FO,2021-10-11 21:44:48
519,Broken Hill,-31.95,141.4333,47.91,49,12,0.0,AU,2021-10-11 21:44:48
520,Rosetta,31.4044,30.4164,74.62,77,13,10.07,EG,2021-10-11 21:44:49
521,Oulainen,64.2667,24.8,46.26,94,100,3.02,FI,2021-10-11 21:44:49
522,Saint-Ambroise,48.5501,-71.3324,64.94,93,100,3.51,CA,2021-10-11 21:44:49
523,Alghero,40.5589,8.3181,59.99,88,0,2.3,IT,2021-10-11 21:41:00
524,Toccoa,34.5773,-83.3324,77.85,72,75,0.0,US,2021-10-11 21:44:50
525,Sobolevo,54.4299,31.8996,38.91,80,98,6.49,RU,2021-10-11 21:44:50
526,Bambanglipuro,-7.95,110.2833,76.46,78,100,7.38,ID,2021-10-11 21:44:50
527,Lucapa,-8.4192,20.7447,67.86,82,100,3.2,AO,2021-10-11 21:44:51
528,Alyangula,-13.8483,136.4192,73.27,100,95,0.0,AU,2021-10-11 21:44:51
529,Sinnamary,5.3833,-52.95,81.46,79,48,11.9,GF,2021-10-11 21:44:51
530,Nanakuli,21.3906,-158.1547,85.95,54,20,11.5,US,2021-10-11 21:44:52
531,Vostochnyy,55.8167,37.8667,45.99,64,100,4.81,RU,2021-10-11 21:44:52
532,Leningradskiy,69.3833,178.4167,13.32,91,26,5.61,RU,2021-10-11 21:44:52
533,Ikornnes,62.3873,6.557,44.74,93,99,5.35,NO,2021-10-11 21:44:53
534,Pimentel,-6.8367,-79.9342,68.29,68,0,19.57,PE,2021-10-11 21:44:53
535,Praia,14.9215,-23.5087,79.34,73,40,19.57,CV,2021-10-11 21:40:31
536,Oranjemund,-28.55,16.4333,61.39,71,26,3.65,NA,2021-10-11 21:41:20
537,Bugojno,44.0572,17.4508,41.25,100,100,4.03,BA,2021-10-11 21:44:53
538,Marienburg,54.0359,19.0266,48.06,83,8,9.15,PL,2021-10-11 21:44:54
539,Bowen,-20.0167,148.2333,71.82,67,77,3.58,AU,2021-10-11 21:44:54
540,Stillwater,36.1156,-97.0584,79.61,36,1,5.75,US,2021-10-11 21:43:20
541,Mangrol,21.1167,70.1167,80.94,80,1,6.26,IN,2021-10-11 21:44:54
542,Helena,46.5927,-112.0361,40.32,75,90,7.0,US,2021-10-11 21:44:55
543,Nhulunbuy,-12.2333,136.7667,77.61,83,100,0.0,AU,2021-10-11 21:44:55
544,Finschhafen,-6.6024,147.8681,81.21,76,73,2.15,PG,2021-10-11 21:44:55
545,Hidalgo,20.5,-99.0,79.3,40,1,12.39,MX,2021-10-11 21:42:53
546,Nimbahera,24.6167,74.6833,74.64,72,9,2.17,IN,2021-10-11 21:44:56
547,Dingle,10.9995,122.6711,77.31,92,100,13.4,PH,2021-10-11 21:44:56
548,Eyemouth,55.8713,-2.0901,54.23,88,100,1.99,GB,2021-10-11 21:44:56
549,Marrakesh,31.6315,-8.0083,69.87,64,40,8.05,MA,2021-10-11 21:41:15
550,Darnah,32.767,22.6367,72.95,76,2,12.44,LY,2021-10-11 21:44:57
551,Pangkalanbuun,-2.6833,111.6167,74.82,96,99,1.07,ID,2021-10-11 21:44:57
552,Ukholovo,53.7929,40.4892,43.32,61,97,6.6,RU,2021-10-11 21:44:58
553,Khandbari,27.3747,87.2039,67.24,73,1,4.45,NP,2021-10-11 21:44:58
554,Koumac,-20.5667,164.2833,76.75,63,95,1.12,NC,2021-10-11 21:44:58
555,Svetlogorsk,52.6333,29.7333,42.84,70,100,5.66,BY,2021-10-11 21:44:59
556,Harper,4.375,-7.7169,78.15,86,94,6.26,LR,2021-10-11 21:44:59
557,Pandamatenga,-18.5278,25.627,69.06,52,1,7.67,BW,2021-10-11 21:45:00
558,Masumbwe,-3.6333,32.1833,77.38,31,78,6.29,TZ,2021-10-11 21:45:00
559,Bandundu,-3.3167,17.3667,74.68,89,100,2.26,CD,2021-10-11 21:45:00
